<?xml version="1.0" encoding="utf-8" ?><dwsync><file name="automoblox_logo_orange.jpg" server="webdesign3.georgianc.on.ca" local="3382571736" remote="11972530352" /><file name="a9_large.jpg" server="webdesign3.georgianc.on.ca" local="3382565998" remote="11972530352" /><file name="a9_small.jpg" server="webdesign3.georgianc.on.ca" local="3317860806" remote="11972530352" /><file name="automoblox_logo.jpg" server="webdesign3.georgianc.on.ca" local="3382563842" remote="11972530352" /><file name="c9_large.jpg" server="webdesign3.georgianc.on.ca" local="3382566026" remote="11972530352" /><file name="c9_small.jpg" server="webdesign3.georgianc.on.ca" local="3317860820" remote="11972530352" /><file name="icon.gif" server="webdesign3.georgianc.on.ca" local="3382562046" remote="11972530352" /><file name="m9_large.jpg" server="webdesign3.georgianc.on.ca" local="3382566042" remote="11972530352" /><file name="m9_small.jpg" server="webdesign3.georgianc.on.ca" local="3317860836" remote="11972530352" /><file name="t9_large.jpg" server="webdesign3.georgianc.on.ca" local="3382566076" remote="11972530352" /><file name="t9_small.jpg" server="webdesign3.georgianc.on.ca" local="3317860864" remote="11972530352" /><file name="x9_large.jpg" server="webdesign3.georgianc.on.ca" local="3382566090" remote="11972530352" /><file name="x9_small.jpg" server="webdesign3.georgianc.on.ca" local="3317860880" remote="11972530352" /><file name="automoblox_logo_blue.jpg" server="webdesign3.georgianc.on.ca" local="3382576972" remote="11972530352" /><file name="automoblox_logo_green.jpg" server="webdesign3.georgianc.on.ca" local="3382577334" remote="11972530352" /><file name="automoblox_logo_purple.jpg" server="webdesign3.georgianc.on.ca" local="3382577570" remote="11972530352" /><file name="bg.gif" server="webdesign3.georgianc.on.ca" local="3382579126" remote="16267498968" /></dwsync>